Date,N,windows_1,scaled_windows_1
0,0.0,,
1,0.0,,
2,0.0,,
3,-0.8263876,,
4,-0.7565534,,
5,0.99410635,,
6,1.4759738,,
7,1.4665073,,
8,1.030595,,
9,0.66138494,,
10,-0.75202537,,
11,-2.1638772,,
12,-2.7331438,,
13,-2.1042228,,
14,-2.0772235,,
15,-1.8416369,,
16,-1.0735347,,
17,-0.5735183,,
18,0.07437904,,
19,0.115596704,,
20,1.0400323,,
21,0.04897327,,
22,0.23704545,,
23,-0.23678519,,
24,1.2435979,,
25,0.43662053,,
26,-0.08450583,,
27,-0.52512014,,
28,0.12691885,,
29,0.5044845,,
30,-1.1787916,,
31,-1.3435054,,
32,-1.0021563,,
33,-0.28146383,,
34,1.0921484,,
35,-0.43720844,,
36,0.5450673,,
37,-0.15103151,,
38,0.31627077,,
39,1.2019672,,
40,0.21103133,,
41,0.5914566,,
42,1.8648037,,
43,1.7027352,,
44,2.4514391,,
45,1.600315,,
46,1.6219676,,
47,0.7328364,,
48,-0.15713897,,
49,0.7782691,,
50,0.19890419,,
51,0.36684337,,
52,1.8434714,,
53,2.464088,,
54,4.223812,,
55,3.0650244,,
56,2.035438,,
57,3.5071974,,
58,3.926071,,
59,3.0561936,,
60,1.5199177,,
61,2.1792853,,
62,3.3410413,,
63,3.9465191,,
64,3.1783834,,
65,4.0085936,,
66,3.5488503,,
67,2.3547626,,
68,2.968504,,
69,3.9608612,,
70,2.7381275,,
71,2.9834046,,
72,2.9700713,,
73,3.1506608,,
74,3.0319924,,
75,1.5651944,,
76,3.3446887,,
77,2.7950215,,
78,1.754956,,
79,1.9923462,,
80,1.8138301,,
81,1.784903,,
82,0.9040753,,
83,0.04853787,,
84,0.6699693,,
85,-0.68597513,,
86,-0.41297284,,
87,-0.19361068,,
88,-3.02947,,
89,-2.3600433,,
90,-3.4007132,,
91,-3.7949333,,
92,-2.9576232,,
93,-3.473053,,
94,-3.2312617,,
95,-3.994057,,
96,-4.096346,,
97,-3.4802074,,
98,-4.297447,,
99,-4.014283,,
100,-4.1873064,100.0,0.9900990099009901
101,-3.6901302,100.0,0.9803921568627451
102,-3.6693497,100.0,0.970873786407767
103,-3.492621,100.0,0.9615384615384616
104,-4.076989,100.0,0.9523809523809523
105,-3.8784127,100.0,0.9433962264150944
106,-4.516839,100.0,0.9345794392523364
107,-3.4427872,100.0,0.9259259259259259
108,-5.775972,100.0,0.9174311926605505
109,-6.5545387,100.0,0.9090909090909091
110,-5.386258,100.0,0.9009009009009009
111,-4.687825,100.0,0.8928571428571429
112,-4.6321864,100.0,0.8849557522123894
113,-4.521388,100.0,0.8771929824561403
114,-4.968749,100.0,0.8695652173913043
115,-4.8048887,100.0,0.8620689655172413
116,-3.9685824,100.0,0.8547008547008547
117,-2.6779997,100.0,0.847457627118644
118,-1.6649975,100.0,0.8403361344537815
119,-1.2771536,100.0,0.8333333333333334
120,-2.5233912,100.0,0.8264462809917356
121,-3.36651,100.0,0.819672131147541
122,-3.9261754,100.0,0.8130081300813008
123,-4.5310497,100.0,0.8064516129032258
124,-4.3145537,100.0,0.8
125,-5.3179116,100.0,0.7936507936507936
126,-3.8150632,100.0,0.7874015748031497
127,-5.515747,100.0,0.78125
128,-5.1417255,100.0,0.7751937984496124
129,-3.513879,100.0,0.7692307692307693
130,-2.9491713,100.0,0.7633587786259542
131,-0.32023284,100.0,0.7575757575757576
132,1.5865649,100.0,0.7518796992481203
133,2.9623897,100.0,0.746268656716418
134,3.0473063,100.0,0.7407407407407407
135,2.2399175,100.0,0.7352941176470589
136,1.6976391,100.0,0.7299270072992701
137,2.1087172,100.0,0.7246376811594203
138,2.1964488,100.0,0.7194244604316546
139,3.4197736,100.0,0.7142857142857143
140,1.208653,100.0,0.7092198581560284
141,3.4394631,100.0,0.704225352112676
142,2.919018,100.0,0.6993006993006993
143,3.436371,100.0,0.6944444444444444
144,1.9654346,100.0,0.6896551724137931
145,2.2743168,100.0,0.684931506849315
146,2.9248936,100.0,0.6802721088435374
147,1.19972,100.0,0.6756756756756757
148,1.1330736,100.0,0.6711409395973155
149,0.89256185,100.0,0.6666666666666666
150,1.6589769,100.0,0.6622516556291391
151,3.523136,100.0,0.6578947368421053
152,3.3006234,100.0,0.6535947712418301
153,2.8641899,100.0,0.6493506493506493
154,2.257529,100.0,0.6451612903225806
155,2.5628853,100.0,0.6410256410256411
156,3.5127292,100.0,0.6369426751592356
157,3.9849017,100.0,0.6329113924050633
158,3.743808,100.0,0.6289308176100629
159,2.4804013,100.0,0.625
160,1.461493,100.0,0.6211180124223602
161,1.1336982,100.0,0.6172839506172839
162,-0.28886905,100.0,0.6134969325153374
163,-1.2120106,100.0,0.6097560975609756
164,-2.3852842,100.0,0.6060606060606061
165,-1.951294,100.0,0.6024096385542169
166,-1.3913656,100.0,0.5988023952095808
167,-0.5866894,100.0,0.5952380952380952
168,0.23535763,100.0,0.591715976331361
169,0.8778588,100.0,0.5882352941176471
170,-0.061971113,100.0,0.5847953216374269
171,-1.1557788,100.0,0.5813953488372093
172,-0.53160536,100.0,0.5780346820809249
173,-1.0192686,100.0,0.5747126436781609
174,1.1209533,100.0,0.5714285714285714
175,1.4048423,100.0,0.5681818181818182
176,-0.59815145,100.0,0.5649717514124294
177,1.0747696,100.0,0.5617977528089888
178,-0.0007393214,100.0,0.5586592178770949
179,0.96121615,100.0,0.5555555555555556
180,0.15024605,100.0,0.5524861878453039
181,0.2484932,100.0,0.5494505494505495
182,-1.5512348,100.0,0.546448087431694
183,-1.2992615,100.0,0.5434782608695652
184,-1.9748409,100.0,0.5405405405405406
185,-1.3809893,100.0,0.5376344086021505
186,1.15435,100.0,0.5347593582887701
187,-0.187468,100.0,0.5319148936170213
188,-0.069652125,100.0,0.5291005291005291
189,-0.4511933,100.0,0.5263157894736842
190,-0.17732716,100.0,0.5235602094240838
191,-1.9449339,100.0,0.5208333333333334
192,-4.89247,100.0,0.5181347150259067
193,-5.4261236,100.0,0.5154639175257731
194,-4.372837,100.0,0.5128205128205128
195,-3.6900003,100.0,0.5102040816326531
196,-3.1157346,100.0,0.5076142131979695
197,-2.5216668,100.0,0.5050505050505051
198,-1.3435928,100.0,0.5025125628140703
199,-1.2963347,141.0,0.705
200,-1.4775891,141.0,0.7014925373134329
201,-3.003431,141.0,0.698019801980198
202,-3.4202993,141.0,0.6945812807881774
203,-3.9569225,141.0,0.6911764705882353
204,-2.3898091,141.0,0.6878048780487804
205,-1.4676968,141.0,0.6844660194174758
206,1.2517582,141.0,0.6811594202898551
207,0.6062184,141.0,0.6778846153846154
208,0.6373277,141.0,0.6746411483253588
209,0.9373379,141.0,0.6714285714285714
210,0.5144776,141.0,0.6682464454976303
211,-0.4981845,141.0,0.6650943396226415
212,-0.6046906,141.0,0.6619718309859155
213,-1.7803731,141.0,0.6588785046728972
214,-2.4417796,141.0,0.6558139534883721
215,-0.9896761,141.0,0.6527777777777778
216,-0.09311053,141.0,0.6497695852534562
217,-1.9188757,141.0,0.6467889908256881
218,-2.518055,141.0,0.6438356164383562
219,-2.153822,141.0,0.6409090909090909
220,-1.6544477,141.0,0.6380090497737556
221,-2.9868333,141.0,0.6351351351351351
222,-3.167328,141.0,0.6322869955156951
223,-1.0323551,141.0,0.6294642857142857
224,-1.8606164,141.0,0.6266666666666667
225,-2.6125154,141.0,0.6238938053097345
226,-2.252663,141.0,0.6211453744493393
227,-0.7852548,141.0,0.618421052631579
228,0.13771477,141.0,0.6157205240174672
229,1.0627272,141.0,0.6130434782608696
230,-0.47563326,141.0,0.6103896103896104
231,-1.1635075,141.0,0.6077586206896551
232,-2.9063954,141.0,0.6051502145922747
233,-3.7607987,141.0,0.6025641025641025
234,-3.8245597,141.0,0.6
235,-3.7664747,141.0,0.597457627118644
236,-2.3030503,141.0,0.5949367088607594
237,-2.1963549,141.0,0.592436974789916
238,-0.28131035,141.0,0.5899581589958159
239,1.2010278,141.0,0.5875
240,0.4674205,141.0,0.5850622406639004
241,0.81045645,141.0,0.5826446280991735
242,0.27585962,141.0,0.5802469135802469
243,0.89004487,141.0,0.5778688524590164
244,1.0736856,141.0,0.5755102040816327
245,0.016219148,141.0,0.573170731707317
246,-2.9139178,141.0,0.5708502024291497
247,-3.740094,141.0,0.5685483870967742
248,-3.6782165,141.0,0.5662650602409639
249,-2.5239723,141.0,0.564
250,-1.1921343,141.0,0.5617529880478087
251,0.40512574,141.0,0.5595238095238095
252,0.3377861,141.0,0.5573122529644269
253,-0.6418215,141.0,0.5551181102362205
254,-0.7458892,141.0,0.5529411764705883
255,-2.2150528,141.0,0.55078125
256,-3.0122845,141.0,0.5486381322957199
257,-2.2317417,141.0,0.5465116279069767
258,-2.3613806,141.0,0.5444015444015444
259,-2.380193,141.0,0.5423076923076923
260,-0.40056127,141.0,0.5402298850574713
261,-1.9861597,141.0,0.5381679389312977
262,-2.0991764,141.0,0.5361216730038023
263,-2.983095,141.0,0.5340909090909091
264,-2.832339,141.0,0.5320754716981132
265,-1.6711878,141.0,0.5300751879699248
266,-0.40867886,141.0,0.5280898876404494
267,0.37849832,141.0,0.5261194029850746
268,1.0234907,141.0,0.5241635687732342
269,0.9721755,141.0,0.5222222222222223
270,1.4870064,141.0,0.5202952029520295
271,1.5201584,141.0,0.5183823529411765
272,1.144419,141.0,0.5164835164835165
273,1.4687345,141.0,0.5145985401459854
274,1.2189845,141.0,0.5127272727272727
275,-0.59419155,141.0,0.5108695652173914
276,-1.1285572,141.0,0.5090252707581228
277,-0.71782917,141.0,0.5071942446043165
278,-1.0562052,141.0,0.5053763440860215
279,-1.6974816,141.0,0.5035714285714286
280,-1.8370497,141.0,0.501779359430605
281,-1.5985676,200.0,0.7092198581560284
282,-2.4543743,200.0,0.7067137809187279
283,-0.73937196,200.0,0.704225352112676
284,0.68048126,200.0,0.7017543859649122
285,-0.71656233,200.0,0.6993006993006993
286,-2.6366005,200.0,0.6968641114982579
287,-2.4489934,200.0,0.6944444444444444
288,-1.7044246,200.0,0.6920415224913494
289,-2.0302737,200.0,0.6896551724137931
290,-1.9597229,200.0,0.6872852233676976
291,-2.1448698,200.0,0.684931506849315
292,-2.4228935,200.0,0.6825938566552902
293,-2.6791966,200.0,0.6802721088435374
294,-1.7927495,200.0,0.6779661016949152
295,-3.2152894,200.0,0.6756756756756757
296,-2.5588856,200.0,0.6734006734006734
297,-4.081078,200.0,0.6711409395973155
298,-5.856849,200.0,0.6688963210702341
299,-5.430563,200.0,0.6666666666666666
300,-5.281136,200.0,0.6644518272425249
301,-3.6741643,200.0,0.6622516556291391
302,-2.479254,200.0,0.6600660066006601
303,-2.3755987,200.0,0.6578947368421053
304,-1.7784392,200.0,0.6557377049180327
305,-1.2120821,200.0,0.6535947712418301
306,-1.0117562,200.0,0.6514657980456026
307,1.154453,200.0,0.6493506493506493
308,2.2410803,200.0,0.6472491909385113
309,2.0707839,200.0,0.6451612903225806
310,2.7200005,200.0,0.6430868167202572
311,4.911088,200.0,0.6410256410256411
312,2.2841551,200.0,0.6389776357827476
313,1.8855839,200.0,0.6369426751592356
314,0.29788426,200.0,0.6349206349206349
315,-1.2293874,200.0,0.6329113924050633
316,-2.9088268,200.0,0.6309148264984227
317,-4.1334352,200.0,0.6289308176100629
318,-1.5765424,200.0,0.6269592476489029
319,-0.8843132,200.0,0.625
320,-1.8004625,200.0,0.6230529595015576
321,-2.7345052,200.0,0.6211180124223602
322,-1.8511841,200.0,0.6191950464396285
323,-2.1754408,200.0,0.6172839506172839
324,-3.0311756,200.0,0.6153846153846154
325,-2.6164832,200.0,0.6134969325153374
326,-1.8865383,200.0,0.6116207951070336
327,-2.2992601,200.0,0.6097560975609756
328,-2.3730078,200.0,0.60790273556231
329,-1.5125022,200.0,0.6060606060606061
330,-0.79142505,200.0,0.6042296072507553
331,-0.41449347,200.0,0.6024096385542169
332,-1.1608589,200.0,0.6006006006006006
333,-3.797932,200.0,0.5988023952095808
334,-1.8979852,200.0,0.5970149253731343
335,-0.2286846,200.0,0.5952380952380952
336,-1.859995,200.0,0.5934718100890207
337,-2.0741854,200.0,0.591715976331361
338,-1.1894599,200.0,0.5899705014749262
339,-0.39732975,200.0,0.5882352941176471
340,-0.46972585,200.0,0.5865102639296188
341,0.63992304,200.0,0.5847953216374269
342,0.34409437,200.0,0.5830903790087464
343,0.0999099,200.0,0.5813953488372093
344,0.8305617,200.0,0.5797101449275363
345,0.7596956,200.0,0.5780346820809249
346,-0.82811445,200.0,0.5763688760806917
347,0.26443687,200.0,0.5747126436781609
348,-0.16398203,200.0,0.5730659025787965
349,-0.44503012,200.0,0.5714285714285714
350,0.045514494,200.0,0.5698005698005698
351,-1.5692021,200.0,0.5681818181818182
352,-1.0473346,200.0,0.56657223796034
353,0.24436074,200.0,0.5649717514124294
354,1.9433244,200.0,0.5633802816901409
355,1.9720564,200.0,0.5617977528089888
356,0.80210954,200.0,0.5602240896358543
357,1.7508736,200.0,0.5586592178770949
358,2.381824,200.0,0.5571030640668524
359,0.9310508,200.0,0.5555555555555556
360,-1.0863084,200.0,0.554016620498615
361,-1.552071,200.0,0.5524861878453039
362,-0.39831713,200.0,0.5509641873278237
363,-1.2837957,200.0,0.5494505494505495
364,-2.8577182,200.0,0.547945205479452
365,-1.6920817,200.0,0.546448087431694
366,-1.8871247,200.0,0.5449591280653951
367,-2.715853,200.0,0.5434782608695652
368,-2.6584215,200.0,0.5420054200542005
369,-2.4938014,200.0,0.5405405405405406
370,-1.8522325,200.0,0.5390835579514824
371,-0.99963915,200.0,0.5376344086021505
372,-0.12781689,200.0,0.5361930294906166
373,-0.40273616,200.0,0.5347593582887701
374,-1.0358297,200.0,0.5333333333333333
375,0.20331591,200.0,0.5319148936170213
376,1.1670811,200.0,0.5305039787798409
377,-0.20701787,200.0,0.5291005291005291
378,-0.30025163,200.0,0.5277044854881267
379,0.55745983,200.0,0.5263157894736842
380,-0.25938767,200.0,0.5249343832020997
381,-0.010680225,200.0,0.5235602094240838
382,1.2993993,200.0,0.5221932114882507
383,1.0113535,200.0,0.5208333333333334
384,1.8859051,200.0,0.5194805194805194
385,2.5469737,200.0,0.5181347150259067
386,2.467562,200.0,0.5167958656330749
387,2.6452289,200.0,0.5154639175257731
388,1.3791916,200.0,0.5141388174807198
389,0.26372236,200.0,0.5128205128205128
390,0.15285632,200.0,0.5115089514066496
391,0.5516823,200.0,0.5102040816326531
392,1.3171214,200.0,0.5089058524173028
393,0.7722613,200.0,0.5076142131979695
394,0.5549903,200.0,0.5063291139240507
395,0.8466645,200.0,0.5050505050505051
396,1.599455,200.0,0.5037783375314862
397,2.0135553,200.0,0.5025125628140703
398,1.1789734,200.0,0.5012531328320802
399,0.5302653,282.0,0.705
400,-0.04773609,282.0,0.7032418952618454
401,0.21175396,282.0,0.7014925373134329
402,0.94320786,282.0,0.6997518610421837
403,0.38749343,282.0,0.698019801980198
404,1.2935503,282.0,0.6962962962962963
405,0.45665035,282.0,0.6945812807881774
406,1.7904758,282.0,0.6928746928746928
407,1.427414,282.0,0.6911764705882353
408,1.1038281,282.0,0.6894865525672371
409,-0.15047431,282.0,0.6878048780487804
410,0.5968822,282.0,0.6861313868613139
411,-0.57490385,282.0,0.6844660194174758
412,-0.820941,282.0,0.6828087167070218
413,-2.2019744,282.0,0.6811594202898551
414,-2.9118395,282.0,0.6795180722891566
415,-1.3915101,282.0,0.6778846153846154
416,-1.2229253,282.0,0.6762589928057554
417,-1.7917943,282.0,0.6746411483253588
418,-2.6337774,282.0,0.6730310262529833
419,-3.6113803,282.0,0.6714285714285714
420,-4.3261495,282.0,0.669833729216152
421,-5.3146725,282.0,0.6682464454976303
422,-4.0196943,282.0,0.6666666666666666
423,-4.6018615,282.0,0.6650943396226415
424,-3.1545308,282.0,0.6635294117647059
425,-4.506826,282.0,0.6619718309859155
426,-2.9236605,282.0,0.6604215456674473
427,-3.7128508,282.0,0.6588785046728972
428,-3.9437752,282.0,0.6573426573426573
429,-4.5783005,282.0,0.6558139534883721
430,-4.15031,282.0,0.654292343387471
431,-3.2529187,282.0,0.6527777777777778
432,-2.1794271,282.0,0.651270207852194
433,-1.538037,282.0,0.6497695852534562
434,-0.7655964,282.0,0.6482758620689655
435,-0.18101569,282.0,0.6467889908256881
436,1.3419718,282.0,0.6453089244851259
437,2.7078297,282.0,0.6438356164383562
438,2.4469814,282.0,0.642369020501139
439,2.9332454,282.0,0.6409090909090909
440,3.3028026,282.0,0.6394557823129252
441,1.732527,282.0,0.6380090497737556
442,0.059622727,282.0,0.636568848758465
443,0.76771003,282.0,0.6351351351351351
444,1.4351697,282.0,0.6337078651685393
445,1.3228786,282.0,0.6322869955156951
446,0.33060485,282.0,0.6308724832214765
447,-0.1256757,282.0,0.6294642857142857
448,0.33431083,282.0,0.6280623608017817
449,0.25191125,282.0,0.6266666666666667
450,-1.4107457,282.0,0.6252771618625277
451,-0.078198135,282.0,0.6238938053097345
452,0.192883,282.0,0.6225165562913907
453,0.037805125,282.0,0.6211453744493393
454,1.2660154,282.0,0.6197802197802198
455,-0.5742705,282.0,0.618421052631579
456,-2.0492144,282.0,0.6170678336980306
457,-1.1152147,282.0,0.6157205240174672
458,-0.6234127,282.0,0.6143790849673203
459,0.47755358,282.0,0.6130434782608696
460,1.1294813,282.0,0.6117136659436009
461,2.556705,282.0,0.6103896103896104
462,2.6401126,282.0,0.6090712742980562
463,2.6676502,282.0,0.6077586206896551
464,1.7396052,282.0,0.6064516129032258
465,3.1149285,282.0,0.6051502145922747
466,3.2650461,282.0,0.6038543897216274
467,1.1626292,282.0,0.6025641025641025
468,1.5801452,282.0,0.6012793176972282
469,2.0575151,282.0,0.6
470,3.283236,282.0,0.5987261146496815
471,2.3647408,282.0,0.597457627118644
472,1.9112512,282.0,0.5961945031712473
473,1.1005177,282.0,0.5949367088607594
474,2.2783954,282.0,0.5936842105263158
475,2.3248723,282.0,0.592436974789916
476,2.9549477,282.0,0.5911949685534591
477,1.3996857,282.0,0.5899581589958159
478,-0.07716184,282.0,0.5887265135699373
479,0.96547824,282.0,0.5875
480,0.870176,282.0,0.5862785862785863
481,1.6818485,282.0,0.5850622406639004
482,0.5678876,282.0,0.5838509316770186
483,0.5523019,282.0,0.5826446280991735
484,1.3593574,282.0,0.5814432989690722
485,0.8610473,282.0,0.5802469135802469
486,1.086953,282.0,0.5790554414784395
487,2.6940851,282.0,0.5778688524590164
488,2.0170376,282.0,0.5766871165644172
489,1.4431643,282.0,0.5755102040816327
490,1.7721606,282.0,0.5743380855397149
491,1.2509371,282.0,0.573170731707317
492,1.3705037,282.0,0.5720081135902637
493,0.8588107,282.0,0.5708502024291497
494,0.024597501,282.0,0.5696969696969697
495,1.1513542,282.0,0.5685483870967742
496,-0.57668257,282.0,0.5674044265593562
497,0.009415248,282.0,0.5662650602409639
498,1.1918932,282.0,0.5651302605210421
499,0.69097805,282.0,0.564
500,4.0151844,282.0,0.562874251497006
501,0.26609042,282.0,0.5617529880478087
502,2.793749,282.0,0.5606361829025845
503,0.2555025,282.0,0.5595238095238095
504,3.1048777,282.0,0.5584158415841585
505,-0.35257453,282.0,0.5573122529644269
506,0.43579733,282.0,0.5562130177514792
507,-1.4799502,282.0,0.5551181102362205
508,0.86561596,282.0,0.5540275049115914
509,-2.3886702,282.0,0.5529411764705883
510,-0.4827134,282.0,0.5518590998043053
511,-3.255698,282.0,0.55078125
512,-1.6686319,282.0,0.5497076023391813
513,-3.050783,282.0,0.5486381322957199
514,-0.03497654,282.0,0.5475728155339806
515,-2.3685513,282.0,0.5465116279069767
516,1.1218824,282.0,0.5454545454545454
517,-3.8972487,282.0,0.5444015444015444
518,-0.005967851,282.0,0.5433526011560693
519,-4.021335,282.0,0.5423076923076923
520,-2.2906744,282.0,0.5412667946257198
521,-2.0809784,282.0,0.5402298850574713
522,-1.4509201,282.0,0.5391969407265774
523,-1.0060997,282.0,0.5381679389312977
524,-1.5836107,282.0,0.5371428571428571
525,-2.012293,282.0,0.5361216730038023
526,-0.26597548,282.0,0.5351043643263758
527,-2.607417,282.0,0.5340909090909091
528,-0.24955918,282.0,0.5330812854442344
529,-2.9924865,282.0,0.5320754716981132
530,-0.8036947,282.0,0.5310734463276836
531,-3.0949492,282.0,0.5300751879699248
532,-0.85231614,282.0,0.5290806754221389
533,-4.3491473,282.0,0.5280898876404494
534,0.07837519,282.0,0.5271028037383177
535,-5.035872,282.0,0.5261194029850746
536,1.2097298,282.0,0.5251396648044693
537,-3.3284044,282.0,0.5241635687732342
538,-0.017229015,282.0,0.5231910946196661
539,-4.1186414,282.0,0.5222222222222223
540,-0.6809192,282.0,0.5212569316081331
541,-2.925691,282.0,0.5202952029520295
542,0.02280749,282.0,0.5193370165745856
543,-2.4768662,282.0,0.5183823529411765
544,-2.1199188,282.0,0.5174311926605505
545,-0.5438521,282.0,0.5164835164835165
546,-2.1070628,282.0,0.5155393053016454
547,-0.41828755,282.0,0.5145985401459854
548,0.34076113,282.0,0.5136612021857924
549,-3.1825666,282.0,0.5127272727272727
550,0.9465236,282.0,0.5117967332123412
551,-2.2222483,282.0,0.5108695652173914
552,1.869021,282.0,0.5099457504520796
553,-4.4419103,282.0,0.5090252707581228
554,2.418047,282.0,0.5081081081081081
555,-3.7860887,282.0,0.5071942446043165
556,2.301031,282.0,0.5062836624775583
557,-4.0579515,141.0,0.25268817204301075
558,1.1434288,282.0,0.5044722719141324
559,-3.9906628,282.0,0.5035714285714286
560,1.9881507,282.0,0.5026737967914439
561,-2.9680774,282.0,0.501779359430605
562,0.41578412,282.0,0.5008880994671403
563,-1.8809929,282.0,0.5
564,0.58106536,141.0,0.24955752212389382
565,-1.2427155,400.0,0.7067137809187279
566,-1.9085763,400.0,0.7054673721340388
567,-0.3319736,282.0,0.4964788732394366
568,-1.8238125,400.0,0.70298769771529
569,-0.6541817,400.0,0.7017543859649122
570,-1.5265185,141.0,0.2469352014010508
571,0.08886678,141.0,0.2465034965034965
572,-2.7199717,400.0,0.6980802792321117
573,0.5419873,400.0,0.6968641114982579
574,-3.732439,400.0,0.6956521739130435
575,-0.052230086,282.0,0.4895833333333333
576,-5.86639,282.0,0.48873483535528595
577,-1.0057118,282.0,0.48788927335640137
578,-5.901317,282.0,0.48704663212435234
579,-2.029145,141.0,0.24310344827586206
580,-5.0659375,400.0,0.6884681583476764
581,-1.2615268,141.0,0.2422680412371134
582,-3.7678082,141.0,0.241852487135506
583,-0.56198937,400.0,0.684931506849315
584,-3.5118723,400.0,0.6837606837606838
585,1.2301202,400.0,0.6825938566552902
586,-3.79661,282.0,0.4804088586030664
587,1.5497475,282.0,0.47959183673469385
588,-3.3325665,200.0,0.3395585738539898
589,3.0822456,200.0,0.3389830508474576
590,-3.2383578,282.0,0.47715736040609136
591,1.802133,282.0,0.47635135135135137
592,-3.8562796,141.0,0.23777403035413153
593,1.2017865,400.0,0.6734006734006734
594,-2.3551645,400.0,0.6722689075630253
595,-1.220053,282.0,0.47315436241610737
596,-2.5414984,282.0,0.4723618090452261
597,-0.60712403,282.0,0.47157190635451507
598,-2.3279614,282.0,0.4707846410684474
599,-0.5316982,282.0,0.47
600,-1.7098867,282.0,0.46921797004991683
601,-1.4164674,282.0,0.4684385382059801
602,-3.8478642,200.0,0.33167495854063017
603,-1.6323293,141.0,0.23344370860927152
604,-3.6829617,200.0,0.3305785123966942
605,-2.8868935,282.0,0.46534653465346537
606,-4.3496323,141.0,0.23228995057660626
607,-2.8270469,282.0,0.46381578947368424
608,-3.2123613,282.0,0.4630541871921182
609,-2.3169792,282.0,0.46229508196721314
610,-3.7095637,282.0,0.46153846153846156
611,-2.5137799,141.0,0.23039215686274508
612,-3.44437,282.0,0.4600326264274062
613,-0.31645128,200.0,0.3257328990228013
614,-3.1688328,282.0,0.4585365853658537
615,-1.0516381,282.0,0.4577922077922078
616,-2.0681477,141.0,0.22852512155591573
617,-1.2444333,282.0,0.4563106796116505
618,-0.9634679,282.0,0.4555735056542811
619,-1.7472585,282.0,0.45483870967741935
620,-0.4985404,282.0,0.45410628019323673
621,-1.2363946,400.0,0.6430868167202572
622,-1.1172571,400.0,0.6420545746388443
623,-2.0394933,282.0,0.4519230769230769
624,0.10134247,282.0,0.4512
625,-1.7349384,282.0,0.4504792332268371
626,1.2141575,282.0,0.44976076555023925
627,-1.7424649,282.0,0.44904458598726116
628,0.81513256,282.0,0.4483306836248013
629,-0.37157646,282.0,0.44761904761904764
630,1.3506466,282.0,0.4469096671949287
631,-0.21389586,400.0,0.6329113924050633
632,-0.19070666,400.0,0.631911532385466
633,-1.837465,282.0,0.444794952681388
634,-1.0815767,282.0,0.4440944881889764
635,-2.3130834,282.0,0.44339622641509435
636,-2.208643,282.0,0.4427001569858713
637,-2.538627,400.0,0.6269592476489029
638,0.47462922,400.0,0.6259780907668232
639,-4.0554023,282.0,0.440625
640,1.4843212,400.0,0.62402496099844
641,-5.7564793,400.0,0.6230529595015576
642,1.2992567,282.0,0.4385692068429238
643,-5.209251,282.0,0.43788819875776397
644,0.53969985,400.0,0.6201550387596899
645,-3.9961405,400.0,0.6191950464396285
646,0.61042255,400.0,0.6182380216383307
647,-2.9024422,400.0,0.6172839506172839
648,0.8069505,400.0,0.6163328197226502
649,-1.5658548,400.0,0.6153846153846154
650,2.7278354,282.0,0.43317972350230416
651,-3.0356805,400.0,0.6134969325153374
652,0.42640987,400.0,0.6125574272588055
653,-1.2355144,400.0,0.6116207951070336
654,-0.6984518,400.0,0.6106870229007634
655,1.2378118,282.0,0.4298780487804878
656,-0.75064063,400.0,0.60882800608828
657,-0.3278146,282.0,0.42857142857142855
658,-2.1837645,400.0,0.6069802731411229
659,0.7763027,400.0,0.6060606060606061
660,-1.5365491,282.0,0.4266263237518911
661,0.12729247,400.0,0.6042296072507553
662,-1.4616755,400.0,0.6033182503770739
663,-1.2944858,400.0,0.6024096385542169
664,0.085715756,400.0,0.6015037593984962
665,-1.0200806,400.0,0.6006006006006006
666,0.7439647,282.0,0.42278860569715143
667,-0.36021024,282.0,0.4221556886227545
668,-0.8563136,400.0,0.5979073243647235
669,1.2354676,400.0,0.5970149253731343
670,0.62734115,282.0,0.4202682563338301
671,1.0253339,400.0,0.5952380952380952
672,-0.4370236,400.0,0.5943536404160475
673,1.8409194,400.0,0.5934718100890207
674,1.5208533,282.0,0.4177777777777778
675,1.248032,400.0,0.591715976331361
676,0.860545,400.0,0.5908419497784343
677,0.13088004,400.0,0.5899705014749262
678,0.76732194,282.0,0.41531664212076586
679,2.5222576,282.0,0.4147058823529412
680,1.6118544,282.0,0.41409691629955947
681,2.4495227,400.0,0.5865102639296188
682,1.7230086,282.0,0.4128843338213763
683,2.6823256,400.0,0.5847953216374269
684,1.5978222,282.0,0.4116788321167883
685,2.7572072,282.0,0.4110787172011662
686,1.5283955,400.0,0.5822416302765647
687,1.014552,400.0,0.5813953488372093
688,1.9601698,282.0,0.409288824383164
689,1.9277059,400.0,0.5797101449275363
690,2.5566056,400.0,0.5788712011577424
691,0.39695057,282.0,0.407514450867052
692,2.6748352,282.0,0.4069264069264069
693,0.42836937,282.0,0.40634005763688763
694,3.0892625,282.0,0.40575539568345326
695,-0.19847286,400.0,0.5747126436781609
696,4.782986,400.0,0.5738880918220947
697,1.5235056,282.0,0.4040114613180516
698,3.2536557,400.0,0.5722460658082976
699,2.260968,400.0,0.5714285714285714
700,2.1868458,282.0,0.40228245363766046
701,3.4557297,400.0,0.5698005698005698
702,2.1120365,400.0,0.5689900426742532
703,3.3971379,282.0,0.4005681818181818
704,2.8104653,400.0,0.5673758865248227
705,0.90005547,282.0,0.39943342776203966
706,2.11028,282.0,0.3988684582743989
707,2.2280674,400.0,0.5649717514124294
708,3.2861834,282.0,0.39774330042313116
709,2.561083,282.0,0.3971830985915493
710,3.5758228,400.0,0.5625879043600562
711,2.7725456,282.0,0.3960674157303371
712,2.4092321,400.0,0.5610098176718092
713,3.527803,400.0,0.5602240896358543
714,0.77271646,400.0,0.5594405594405595
715,4.4075403,282.0,0.39385474860335196
716,0.5070968,282.0,0.39330543933054396
717,5.0174212,400.0,0.5571030640668524
718,1.4230479,282.0,0.39221140472878996
719,4.611441,400.0,0.5555555555555556
720,1.1182543,282.0,0.391123439667129
721,3.7894423,282.0,0.39058171745152354
722,1.100133,400.0,0.5532503457814661
723,2.0895627,400.0,0.5524861878453039
724,0.80527437,282.0,0.3889655172413793
725,1.1502303,400.0,0.5509641873278237
726,0.06736701,400.0,0.5502063273727648
727,1.783458,400.0,0.5494505494505495
728,-0.034992423,400.0,0.5486968449931413
729,0.6758742,400.0,0.547945205479452
730,1.7401652,400.0,0.5471956224350205
731,-0.34018162,400.0,0.546448087431694
732,2.9237392,282.0,0.38472032742155526
733,1.5633141,400.0,0.5449591280653951
734,1.5195953,400.0,0.54421768707483
735,0.8998048,400.0,0.5434782608695652
736,0.54131514,400.0,0.5427408412483039
737,0.4626466,400.0,0.5420054200542005
738,0.71589804,400.0,0.5412719891745602
739,2.5982246,400.0,0.5405405405405406
740,-0.35326755,400.0,0.5398110661268556
741,1.4866662,400.0,0.5390835579514824
742,-1.7808588,400.0,0.5383580080753702
743,0.13492513,400.0,0.5376344086021505
744,-1.8114465,400.0,0.5369127516778524
745,1.4199351,400.0,0.5361930294906166
746,0.8613969,400.0,0.535475234270415
747,0.82870555,400.0,0.5347593582887701
748,-0.086531445,400.0,0.5340453938584779
749,-0.6034397,400.0,0.5333333333333333
750,-0.4394505,400.0,0.5326231691078562
751,0.011678637,400.0,0.5319148936170213
752,-1.7000746,400.0,0.5312084993359893
753,1.2349921,400.0,0.5305039787798409
754,-1.3130276,400.0,0.5298013245033113
755,-2.0534492,400.0,0.5291005291005291
756,-2.2182114,400.0,0.5284015852047557
757,-1.9831842,400.0,0.5277044854881267
758,-0.9607741,400.0,0.5270092226613966
759,-3.051278,400.0,0.5263157894736842
760,-0.7878375,400.0,0.5256241787122208
761,-2.7845979,400.0,0.5249343832020997
762,-0.1281822,400.0,0.5242463958060288
763,-3.0120173,400.0,0.5235602094240838
764,-0.40093508,400.0,0.5228758169934641
765,-2.6051536,400.0,0.5221932114882507
766,-0.32961226,400.0,0.5215123859191656
767,-0.8621167,400.0,0.5208333333333334
768,-1.2412647,141.0,0.18335500650195058
769,1.1229243,400.0,0.5194805194805194
770,-2.539518,400.0,0.5188067444876784
771,1.5541515,400.0,0.5181347150259067
772,-3.1429434,400.0,0.517464424320828
773,2.1502798,400.0,0.5167958656330749
774,-2.3047276,400.0,0.5161290322580645
775,0.39039078,400.0,0.5154639175257731
776,-1.2061938,400.0,0.5148005148005148
777,-0.11935753,400.0,0.5141388174807198
778,-0.7492224,400.0,0.5134788189987163
779,0.2289758,400.0,0.5128205128205128
780,-1.0389591,400.0,0.5121638924455826
781,1.2235172,400.0,0.5115089514066496
782,-2.7564468,400.0,0.5108556832694764
783,1.3510183,400.0,0.5102040816326531
784,-3.1329997,400.0,0.5095541401273885
785,1.0684669,400.0,0.5089058524173028
786,-3.254035,400.0,0.5082592121982211
787,1.0041833,400.0,0.5076142131979695
788,-3.5750983,400.0,0.5069708491761724
789,1.1083767,400.0,0.5063291139240507
790,-4.088238,400.0,0.5056890012642224
791,1.0953616,400.0,0.5050505050505051
792,-3.9702013,400.0,0.5044136191677175
793,1.6797985,400.0,0.5037783375314862
794,-3.611893,400.0,0.5031446540880503
795,2.3943725,400.0,0.5025125628140703
796,-2.4222934,400.0,0.5018820577164367
797,3.009882,400.0,0.5012531328320802
798,-1.4410623,400.0,0.5006257822277848
799,1.1824976,400.0,0.5
800,-1.1246128,400.0,0.4993757802746567
801,-0.11630218,400.0,0.49875311720698257
802,-1.1384923,400.0,0.49813200498132004
803,-1.2251525,400.0,0.4975124378109453
804,-2.836599,400.0,0.4968944099378882
805,-2.0822992,400.0,0.49627791563275436
806,-2.3202622,400.0,0.49566294919454773
807,0.2571145,400.0,0.49504950495049505
808,-2.8002174,400.0,0.49443757725587145
809,0.33932576,400.0,0.49382716049382713
810,-2.0017998,400.0,0.4932182490752158
811,2.2381952,400.0,0.49261083743842365
812,-2.52745,400.0,0.4920049200492005
813,2.4847777,400.0,0.4914004914004914
814,-2.546194,400.0,0.49079754601226994
815,1.4883463,400.0,0.49019607843137253
816,-1.51138,400.0,0.48959608323133413
817,1.0945979,400.0,0.4889975550122249
818,-2.5208256,400.0,0.4884004884004884
819,0.387667,400.0,0.4878048780487805
820,-3.7263486,400.0,0.48721071863581
821,0.98602074,400.0,0.48661800486618007
822,-3.5443394,400.0,0.48602673147023084
823,1.6276624,400.0,0.4854368932038835
824,-1.1388125,400.0,0.48484848484848486
825,1.6100441,400.0,0.48426150121065376
826,-1.4869088,400.0,0.4836759371221282
827,-0.53786516,400.0,0.4830917874396135
828,-0.65070784,400.0,0.4825090470446321
829,-0.56211483,400.0,0.4819277108433735
830,-0.50565743,400.0,0.4813477737665463
831,1.8060504,400.0,0.4807692307692308
832,-1.2850881,400.0,0.4801920768307323
833,2.0009623,400.0,0.47961630695443647
834,-1.6228489,400.0,0.47904191616766467
835,1.9516046,400.0,0.4784688995215311
836,0.100743815,400.0,0.4778972520908005
837,1.6726109,400.0,0.477326968973747
838,1.6741375,400.0,0.4767580452920143
839,2.501074,565.0,0.6726190476190477
840,3.3129563,400.0,0.4756242568370987
841,2.44999,400.0,0.4750593824228028
842,2.7918067,400.0,0.4744958481613286
843,3.706076,400.0,0.47393364928909953
844,2.761036,565.0,0.6686390532544378
845,3.4582057,400.0,0.4728132387706856
846,3.6543396,400.0,0.4722550177095632
847,4.4786577,400.0,0.4716981132075472
848,2.6471136,400.0,0.4711425206124853
849,3.138775,141.0,0.16588235294117648
850,1.5831486,565.0,0.663924794359577
851,3.8703833,400.0,0.4694835680751174
852,0.85428023,400.0,0.46893317702227433
853,2.9375114,400.0,0.468384074941452
854,0.13110717,565.0,0.6608187134502924
855,2.249743,400.0,0.4672897196261682
856,1.8266824,400.0,0.46674445740956827
857,0.85659885,565.0,0.6585081585081585
858,1.9198804,565.0,0.6577415599534342
859,1.3119084,565.0,0.6569767441860465
860,2.6976926,565.0,0.6562137049941928
861,1.6268154,565.0,0.6554524361948956
862,1.9801245,565.0,0.6546929316338355
863,2.8651936,565.0,0.6539351851851852
864,2.6184187,565.0,0.653179190751445
865,2.926407,565.0,0.6524249422632794
866,2.4796758,565.0,0.6516724336793541
867,3.5253296,565.0,0.6509216589861752
868,3.422519,565.0,0.6501726121979287
869,2.675559,141.0,0.16206896551724137
870,2.3231578,565.0,0.6486796785304249
871,2.6244113,565.0,0.6479357798165137
872,1.0626566,565.0,0.6471935853379153
873,1.7748277,565.0,0.6464530892448512
874,-0.0022707738,565.0,0.6457142857142857
875,1.5184584,565.0,0.6449771689497716
876,0.025487727,565.0,0.6442417331812998
877,0.33096638,565.0,0.643507972665148
878,-0.44152513,565.0,0.6427758816837316
879,0.12797105,565.0,0.6420454545454546
880,-0.7951086,565.0,0.641316685584563
881,-0.101597294,565.0,0.6405895691609977
882,-1.598492,565.0,0.6398640996602492
883,0.5469409,565.0,0.6391402714932126
884,-2.7500694,565.0,0.6384180790960452
885,-0.13202873,565.0,0.6376975169300225
886,-1.0116651,565.0,0.636978579481398
887,-1.4248127,565.0,0.6362612612612613
888,-2.106484,565.0,0.6355455568053994
889,-2.563697,565.0,0.6348314606741573
890,-2.542438,565.0,0.6341189674523008
891,1.510942,565.0,0.6334080717488789
892,-2.6594088,565.0,0.6326987681970885
893,1.0430305,565.0,0.6319910514541387
894,-2.8258517,565.0,0.6312849162011173
895,-0.5437962,565.0,0.6305803571428571
896,-1.9480844,565.0,0.6298773690078038
897,-1.9046954,565.0,0.6291759465478842
898,-0.2744311,565.0,0.628476084538376
899,-2.7633753,565.0,0.6277777777777778
900,-0.13333009,565.0,0.6270810210876804
901,-3.8085408,565.0,0.6263858093126385
902,0.3558176,565.0,0.6256921373200443
903,-3.8492355,565.0,0.625
904,-0.07865503,565.0,0.6243093922651933
905,-4.228871,565.0,0.6236203090507726
906,0.15911175,565.0,0.6229327453142227
907,-5.6402993,565.0,0.6222466960352423
908,-0.6001811,565.0,0.6215621562156216
909,-5.3296127,565.0,0.6208791208791209
910,-1.38618,565.0,0.6201975850713501
911,-6.6271234,565.0,0.6195175438596491
912,-1.1245096,565.0,0.6188389923329682
913,-5.2320495,565.0,0.6181619256017505
914,-1.5137144,565.0,0.6174863387978142
915,-3.8927572,565.0,0.6168122270742358
916,-0.5620051,565.0,0.6161395856052344
917,-1.0927739,565.0,0.6154684095860566
918,-1.849218,565.0,0.6147986942328618
919,-1.9558822,565.0,0.6141304347826086
920,-1.8997563,565.0,0.6134636264929425
921,-2.6957607,565.0,0.6127982646420824
922,-2.3005111,565.0,0.6121343445287107
923,-1.8358486,565.0,0.6114718614718615
924,-3.6556227,565.0,0.6108108108108108
925,-1.4801,565.0,0.6101511879049676
926,-3.2633197,565.0,0.6094929881337648
927,-2.4351192,565.0,0.6088362068965517
928,-4.1226373,565.0,0.6081808396124866
929,-2.0949275,565.0,0.6075268817204301
930,-3.883929,565.0,0.60687432867884
931,-2.910093,565.0,0.6062231759656652
932,-2.6841319,565.0,0.6055734190782422
933,-3.8380966,565.0,0.6049250535331906
934,-1.6164765,565.0,0.6042780748663101
935,-2.588396,565.0,0.6036324786324786
936,-0.47417665,565.0,0.6029882604055496
937,-0.8376447,565.0,0.6023454157782516
938,-0.42409799,565.0,0.6017039403620873
939,-1.3167988,565.0,0.601063829787234
940,0.53453565,565.0,0.6004250797024442
941,-1.3438003,565.0,0.5997876857749469
942,0.87965405,565.0,0.5991516436903499
943,-1.4186122,565.0,0.5985169491525424
944,1.5967922,565.0,0.5978835978835979
945,-2.7093782,565.0,0.5972515856236786
946,2.3933208,565.0,0.5966209081309398
947,-3.0443165,565.0,0.5959915611814346
948,1.3377512,565.0,0.59536354056902
949,-3.3521879,565.0,0.5947368421052631
950,1.998966,565.0,0.594111461619348
951,-2.4107559,565.0,0.5934873949579832
952,2.393997,565.0,0.5928646379853095
953,-2.5376816,565.0,0.5922431865828093
954,1.3124839,565.0,0.5916230366492147
955,-1.5603738,565.0,0.5910041841004184
956,1.78926,565.0,0.5903866248693835
957,-2.7014318,565.0,0.5897703549060542
958,-0.09506524,565.0,0.5891553701772679
959,-1.0556567,565.0,0.5885416666666666
960,-0.8798271,565.0,0.5879292403746098
961,1.1704493,565.0,0.5873180873180873
962,-2.1992075,565.0,0.5867082035306335
963,0.46112922,565.0,0.5860995850622407
964,-2.4771469,565.0,0.5854922279792746
965,1.9261044,565.0,0.5848861283643892
966,0.2956011,565.0,0.5842812823164426
967,1.0602756,565.0,0.5836776859504132
968,-0.25576514,565.0,0.5830753353973168
969,0.9552042,565.0,0.5824742268041238
970,-0.9330798,565.0,0.5818743563336766
971,1.1134422,565.0,0.581275720164609
972,0.71134186,565.0,0.5806783144912642
973,1.7273862,565.0,0.580082135523614
974,-1.0170172,565.0,0.5794871794871795
975,1.8785043,565.0,0.5788934426229508
976,-0.6566822,565.0,0.5783009211873081
977,4.0819616,565.0,0.5777096114519428
978,-0.7621913,565.0,0.5771195097037793
979,3.991984,565.0,0.576530612244898
980,-0.93273467,565.0,0.5759429153924567
981,6.127343,565.0,0.575356415478615
982,-0.13404642,565.0,0.5747711088504578
983,4.9946294,565.0,0.5741869918699187
984,-0.9501816,565.0,0.5736040609137056
985,2.508965,565.0,0.5730223123732252
986,-0.2154217,565.0,0.5724417426545086
987,0.94812256,565.0,0.5718623481781376
988,-0.6335432,565.0,0.5712841253791708
989,1.2909274,565.0,0.5707070707070707
990,-0.99110276,565.0,0.5701311806256307
991,0.40916333,565.0,0.5695564516129032
992,0.20006053,565.0,0.5689828801611279
993,1.8821961,565.0,0.56841046277666
994,0.035768807,565.0,0.5678391959798995
995,2.055251,565.0,0.5672690763052208
996,1.3341548,565.0,0.5667001003009027
997,3.164735,565.0,0.5661322645290581
998,1.8111079,565.0,0.5655655655655656
999,2.2669933,565.0,0.565
1000,2.1352894,565.0,0.5644355644355644
1001,2.8612258,565.0,0.563872255489022
1002,2.3622227,565.0,0.5633100697906281
1003,2.0031931,565.0,0.5627490039840638
1004,1.9498583,565.0,0.5621890547263682
1005,1.886239,565.0,0.5616302186878728
1006,2.1275725,565.0,0.5610724925521351
1007,1.4896265,565.0,0.560515873015873
1008,1.5588733,565.0,0.5599603567888999
1009,2.7637515,565.0,0.5594059405940595
1010,1.8037182,565.0,0.5588526211671613
1011,-0.451467,565.0,0.558300395256917
1012,0.87963957,565.0,0.5577492596248766
1013,1.6610904,565.0,0.5571992110453649
1014,-0.35140574,565.0,0.5566502463054187
1015,-0.8427993,565.0,0.5561023622047244
1016,1.1046399,565.0,0.5555555555555556
1017,-2.4793143,565.0,0.5550098231827112
1018,-1.29591,565.0,0.5544651619234544
1019,-0.3276072,565.0,0.553921568627451
1020,-2.0201368,565.0,0.5533790401567091
1021,-0.69571626,565.0,0.5528375733855186
1022,-0.3651675,565.0,0.552297165200391
1023,-0.6265223,565.0,0.5517578125
1024,-2.0988667,565.0,0.551219512195122
1025,0.0073124915,565.0,0.550682261208577
1026,0.17413585,565.0,0.5501460564751705
1027,-1.1113567,565.0,0.5496108949416343
1028,1.1764531,565.0,0.5490767735665695
1029,-0.6564901,565.0,0.5485436893203883
1030,-2.3063152,565.0,0.5480116391852571
1031,0.9136316,565.0,0.5474806201550387
1032,-1.2234468,565.0,0.5469506292352372
1033,-1.507573,565.0,0.5464216634429401
1034,-0.023562914,565.0,0.5458937198067633
1035,-0.83146465,565.0,0.5453667953667953
1036,-1.2034287,565.0,0.5448408871745419
1037,-1.2955612,565.0,0.5443159922928709
1038,-0.70434856,565.0,0.5437921077959577
1039,-0.9099189,565.0,0.5432692307692307
1040,-2.3857405,565.0,0.542747358309318
1041,-2.355828,565.0,0.5422264875239923
1042,-0.15580672,565.0,0.5417066155321189
1043,-1.2926184,565.0,0.5411877394636015
1044,-0.1416752,565.0,0.5406698564593302
1045,-0.5103919,565.0,0.5401529636711281
1046,-0.9993,565.0,0.5396370582617
1047,-0.39034805,565.0,0.5391221374045801
1048,-0.6005504,565.0,0.5386081982840801
1049,-0.32784337,565.0,0.5380952380952381
1050,0.72842145,565.0,0.5375832540437678
1051,0.4188092,565.0,0.5370722433460076
1052,-1.1111685,565.0,0.5365622032288699
1053,-0.1032671,565.0,0.5360531309297912
1054,-0.7033003,565.0,0.5355450236966824
1055,-1.105392,565.0,0.5350378787878788
1056,-0.48489866,565.0,0.5345316934720908
1057,-0.5720407,565.0,0.5340264650283554
1058,-1.832512,565.0,0.5335221907459868
1059,-0.8459399,565.0,0.5330188679245284
1060,-0.8993488,565.0,0.532516493873704
1061,-2.8254025,565.0,0.532015065913371
1062,-0.84347886,565.0,0.5315145813734713
1063,-1.0564455,565.0,0.5310150375939849
1064,-1.9145292,565.0,0.5305164319248826
1065,1.4249079,565.0,0.5300187617260788
1066,0.326689,565.0,0.5295220243673852
1067,-4.2005115,565.0,0.5290262172284644
1068,1.2914339,565.0,0.5285313376987839
1069,0.3586509,565.0,0.5280373831775701
1070,-4.783782,565.0,0.5275443510737629
1071,2.2250953,565.0,0.5270522388059702
1072,0.16226445,565.0,0.5265610438024231
1073,-4.1022816,565.0,0.5260707635009311
1074,2.1777635,565.0,0.5255813953488372
1075,0.58756125,565.0,0.525092936802974
1076,-2.2681,565.0,0.5246053853296193
1077,1.3225707,565.0,0.5241187384044527
1078,1.4352325,565.0,0.5236329935125116
1079,-3.2883189,565.0,0.5231481481481481
1080,3.6058235,565.0,0.5226641998149861
1081,1.645169,565.0,0.522181146025878
1082,-3.5666602,565.0,0.5216989843028624
1083,2.41317,565.0,0.5212177121771218
1084,-0.1706259,565.0,0.5207373271889401
1085,-3.113295,565.0,0.5202578268876611
1086,2.8992598,565.0,0.5197792088316467
1087,-0.7264382,565.0,0.5193014705882353
1088,-2.2110996,565.0,0.5188246097337006
1089,4.6574497,141.0,0.12935779816513762
1090,-1.0671172,565.0,0.5178735105407882
1091,-1.9566739,565.0,0.5173992673992674
1092,4.44902,141.0,0.12900274473924978
1093,-1.1428154,141.0,0.12888482632541134
1094,-0.94272006,141.0,0.12876712328767123
1095,4.6269994,141.0,0.12864963503649635
1096,-2.0588322,141.0,0.12853236098450319
1097,-0.94404346,141.0,0.1284153005464481
1098,4.8483267,141.0,0.12829845313921748
1099,-3.0447767,141.0,0.12818181818181817
1100,-1.5735966,141.0,0.12806539509536785
1101,3.874599,141.0,0.1279491833030853
1102,-1.6093212,141.0,0.12783318223028106
1103,0.3004093,141.0,0.12771739130434784
1104,3.3834689,141.0,0.12760180995475112
1105,-0.38213187,141.0,0.1274864376130199
1106,2.1801958,141.0,0.12737127371273713
1107,2.9920304,141.0,0.1272563176895307
1108,-0.88496554,141.0,0.12714156898106402
1109,1.3231094,141.0,0.12702702702702703
1110,2.751393,141.0,0.1269126912691269
1111,-2.3249462,141.0,0.12679856115107913
1112,2.8773983,141.0,0.12668463611859837
1113,2.38658,141.0,0.12657091561938957
1114,-1.7114064,141.0,0.12645739910313902
1115,2.4609728,141.0,0.12634408602150538
1116,2.2602432,141.0,0.12623097582811102
1117,-1.4243828,141.0,0.1261180679785331
1118,0.824343,141.0,0.1260053619302949
1119,2.4846363,141.0,0.12589285714285714
1120,-0.41941082,141.0,0.12578055307760927
1121,0.0107524935,141.0,0.12566844919786097
1122,4.100234,141.0,0.12555654496883348
1123,-1.9118085,141.0,0.12544483985765126
1124,-0.5750994,141.0,0.12533333333333332
1125,3.8380396,141.0,0.12522202486678508
1126,-2.7229512,141.0,0.1251109139307897
1127,-2.0289114,141.0,0.125
1128,3.173367,141.0,0.12488928255093003
1129,-1.6659197,141.0,0.12477876106194691
1130,-2.1773121,141.0,0.1246684350132626
1131,1.5965344,141.0,0.12455830388692579
1132,-2.8261576,141.0,0.12444836716681378
1133,-0.01095278,141.0,0.12433862433862433
1134,0.85223615,141.0,0.12422907488986784
1135,-3.5773098,141.0,0.12411971830985916
1136,-0.39311078,141.0,0.12401055408970976
1137,-0.59680355,141.0,0.12390158172231985
1138,-3.1602163,141.0,0.1237928007023705
1139,-1.4929867,141.0,0.12368421052631579
1140,-0.52765447,141.0,0.12357581069237511
1141,-3.1096492,141.0,0.1234676007005254
1142,-0.9902198,141.0,0.12335958005249344
1143,-1.8463515,141.0,0.12325174825174826
1144,-4.0130687,141.0,0.12314410480349346
1145,-0.31467798,141.0,0.12303664921465969
1146,-0.92914224,141.0,0.12292938099389712
1147,-2.3164937,141.0,0.12282229965156795
1148,-0.3857086,141.0,0.1227154046997389
1149,-0.6584743,141.0,0.12260869565217392
1150,-1.1762965,141.0,0.12250217202432667
1151,0.41614383,141.0,0.12239583333333333
1152,-0.92453396,141.0,0.1222896790980052
1153,-1.1980164,141.0,0.12218370883882149
1154,-0.89683384,141.0,0.12207792207792208
1155,-0.24794856,141.0,0.12197231833910034
1156,-2.1460118,141.0,0.12186689714779603
1157,-1.5988786,141.0,0.12176165803108809
1158,0.023917325,141.0,0.12165660051768766
1159,-0.6532877,141.0,0.12155172413793103
1160,-1.7699416,141.0,0.12144702842377261
1161,-0.97169256,141.0,0.12134251290877797
1162,-0.32694492,141.0,0.12123817712811694
1163,-1.2149649,141.0,0.1211340206185567
1164,-0.1406592,141.0,0.12103004291845494
1165,-1.3048687,200.0,0.17152658662092624
1166,-1.7711493,200.0,0.1713796058269066
1167,0.40162808,200.0,0.17123287671232876
1168,-2.0412319,200.0,0.1710863986313088
1169,-1.1386173,141.0,0.12051282051282051
1170,-0.7008218,200.0,0.1707941929974381
1171,-1.0875245,200.0,0.17064846416382254
1172,-1.8131491,200.0,0.17050298380221654
1173,-1.6230086,200.0,0.17035775127768313
1174,0.18675002,200.0,0.1702127659574468
1175,-3.3015707,200.0,0.17006802721088435
1176,-3.0685134,200.0,0.16992353440951571
1177,0.37305796,200.0,0.1697792869269949
1178,-1.2971972,200.0,0.16963528413910092
1179,-2.6872234,200.0,0.1694915254237288
1180,-1.7140028,200.0,0.1693480101608806
1181,-0.011897487,200.0,0.1692047377326565
1182,-2.139411,200.0,0.16906170752324598
1183,-1.9063383,200.0,0.16891891891891891
1184,-0.47788328,200.0,0.16877637130801687
1185,0.012614265,200.0,0.16863406408094436
1186,-2.6894138,200.0,0.16849199663016007
1187,0.29231873,200.0,0.16835016835016836
1188,0.41670728,200.0,0.16820857863751051
1189,-3.8288279,200.0,0.16806722689075632
1190,0.25751492,200.0,0.16792611251049538
1191,0.45459366,200.0,0.16778523489932887
1192,-1.3883834,200.0,0.16764459346186086
1193,0.5749415,200.0,0.16750418760469013
1194,0.16261303,200.0,0.16736401673640167
1195,-1.0309767,200.0,0.16722408026755853
1196,-0.20395185,200.0,0.1670843776106934
1197,-0.30391803,200.0,0.1669449081803005
1198,-1.4217745,200.0,0.16680567139282734
1199,1.4081603,200.0,0.16666666666666666
1200,1.5378987,200.0,0.16652789342214822
1201,-1.0659175,200.0,0.16638935108153077
1202,1.4008777,200.0,0.1662510390689942
1203,1.4899789,200.0,0.16611295681063123
1204,-0.2513925,200.0,0.16597510373443983
1205,1.4951816,200.0,0.16583747927031509
1206,1.7115963,200.0,0.16570008285004142
1207,-0.62209404,200.0,0.16556291390728478
1208,0.30052435,200.0,0.1654259718775848
1209,0.5116292,200.0,0.1652892561983471
1210,-1.7302477,200.0,0.16515276630883569
1211,0.2279035,200.0,0.16501650165016502
1212,-0.34729183,200.0,0.16488046166529266
1213,-3.3344643,200.0,0.16474464579901152
1214,1.6783969,200.0,0.1646090534979424
1215,-2.7239294,200.0,0.16447368421052633
1216,-2.4536126,200.0,0.16433853738701726
1217,0.37138474,200.0,0.16420361247947454
1218,-3.7752364,200.0,0.16406890894175555
1219,0.75882536,200.0,0.16393442622950818
1220,-1.1349236,200.0,0.1638001638001638
1221,-3.6169724,200.0,0.16366612111292964
1222,0.35730943,200.0,0.1635322976287817
1223,-2.0750935,200.0,0.16339869281045752
1224,-1.7593646,200.0,0.16326530612244897
1225,-0.54064924,200.0,0.1631321370309951
1226,-0.6296934,200.0,0.16299918500407498
1227,-1.4747312,200.0,0.16286644951140064
1228,0.42218146,200.0,0.16273393002441008
1229,-0.40603384,200.0,0.16260162601626016
1230,-1.2581468,200.0,0.16246953696181965
1231,-0.0060728346,200.0,0.16233766233766234
1232,-1.1044954,200.0,0.16220600162206
1233,-0.6221249,200.0,0.1620745542949757
1234,0.83616984,200.0,0.16194331983805668
1235,-2.382424,200.0,0.16181229773462782
1236,0.019543733,200.0,0.16168148746968472
1237,-1.9345866,200.0,0.16155088852988692
1238,-1.0267756,200.0,0.16142050040355124
1239,-1.2382985,282.0,0.22741935483870968
1240,-0.8097819,282.0,0.22723609991941982
1241,-0.249066,200.0,0.1610305958132045
1242,-1.1373278,200.0,0.16090104585679807
1243,-0.5930421,282.0,0.2266881028938907
1244,-1.4148802,282.0,0.22650602409638554
1245,0.015677227,282.0,0.22632423756019263
1246,0.046485495,282.0,0.22614274258219727
1247,-0.57357717,282.0,0.22596153846153846
1248,0.60046196,282.0,0.22578062449959968
1249,0.693,282.0,0.2256
1250,0.6376929,282.0,0.22541966426858512
1251,2.4865024,282.0,0.22523961661341854
1252,1.4698488,282.0,0.22505985634477255
1253,-0.616048,282.0,0.22488038277511962
1254,1.1632335,282.0,0.22470119521912352
1255,1.408011,282.0,0.22452229299363058
1256,0.73464674,282.0,0.2243436754176611
1257,1.4152428,282.0,0.22416534181240064
1258,1.9762772,282.0,0.22398729150119143
1259,1.0850397,282.0,0.22380952380952382
1260,0.9558086,282.0,0.22363203806502777
1261,2.3524926,282.0,0.22345483359746435
1262,0.9155935,282.0,0.22327790973871733
1263,-1.6688622,282.0,0.2231012658227848
1264,2.5555902,282.0,0.22292490118577074
1265,0.3350646,282.0,0.22274881516587677
1266,-2.330674,282.0,0.22257300710339384
1267,2.7032452,282.0,0.222397476340694
1268,0.5523854,282.0,0.2222222222222222
1269,-2.9254243,282.0,0.2220472440944882
1270,1.8599297,282.0,0.2218725413060582
1271,-0.010312008,282.0,0.22169811320754718
1272,-2.1512618,282.0,0.22152395915161036
1273,3.1594596,282.0,0.22135007849293564
1274,-0.4005875,282.0,0.2211764705882353
1275,-0.044577725,282.0,0.22100313479623823
1276,2.3921204,282.0,0.22083007047768208
1277,0.9580533,282.0,0.22065727699530516
1278,0.0098104235,282.0,0.22048475371383894
1279,0.6864608,282.0,0.2203125
1280,1.5578525,282.0,0.22014051522248243
1281,1.4658825,282.0,0.21996879875195008
1282,-0.053365707,282.0,0.21979734996102884
1283,2.21317,282.0,0.21962616822429906
1284,1.5552796,282.0,0.21945525291828794
1285,0.37797022,282.0,0.2192846034214619
1286,2.7412474,282.0,0.2191142191142191
1287,1.8387765,282.0,0.21894409937888198
1288,0.9464183,282.0,0.2187742435996897
1289,3.3332539,282.0,0.2186046511627907
1290,1.8772963,282.0,0.21843532145623548
1291,-0.78631204,282.0,0.21826625386996903
1292,4.259725,282.0,0.21809744779582366
1293,2.4962628,282.0,0.21792890262751158
1294,0.64020175,282.0,0.21776061776061775
1295,2.438079,282.0,0.2175925925925926
1296,2.596554,282.0,0.2174248265227448
1297,-0.3344661,282.0,0.2172573189522342
1298,1.5978558,282.0,0.21709006928406466
1299,0.71085316,282.0,0.2169230769230769
1300,-1.3812292,282.0,0.2167563412759416
1301,1.5360886,282.0,0.21658986175115208
1302,1.6433696,282.0,0.21642363775901766
1303,-1.2062714,282.0,0.21625766871165644
1304,1.654238,282.0,0.2160919540229885
1305,0.6862984,282.0,0.21592649310872894
1306,-2.4595761,282.0,0.21576128538638104
1307,0.82282287,282.0,0.21559633027522937
1308,1.2370551,282.0,0.21543162719633308
1309,-1.7849443,282.0,0.2152671755725191
1310,0.4126584,282.0,0.2151029748283753
1311,2.4236178,282.0,0.2149390243902439
1312,-2.2435257,282.0,0.21477532368621477
1313,-0.7245143,282.0,0.2146118721461187
1314,2.9174972,282.0,0.21444866920152092
1315,-1.7491164,282.0,0.21428571428571427
1316,-0.67635995,282.0,0.214123006833713
1317,3.6124,282.0,0.21396054628224584
1318,-0.28267694,282.0,0.2137983320697498
1319,0.1311837,282.0,0.21363636363636362
1320,3.666289,282.0,0.21347464042392128
1321,1.3779227,282.0,0.21331316187594554
1322,0.055735733,282.0,0.21315192743764172
1323,3.1231103,282.0,0.21299093655589124
1324,1.100212,282.0,0.21283018867924527
1325,0.61623734,282.0,0.21266968325791855
1326,5.3100257,282.0,0.21250941974378296
1327,2.5507388,282.0,0.21234939759036145
1328,3.1876307,282.0,0.21218961625282168
1329,4.1777925,282.0,0.21203007518796993
1330,2.96518,282.0,0.21187077385424494
1331,3.0569296,282.0,0.21171171171171171
1332,3.7043207,282.0,0.2115528882220555
1333,3.4220703,282.0,0.21139430284857572
1334,3.1478357,282.0,0.21123595505617979
1335,1.9719176,282.0,0.21107784431137724
1336,5.4281588,282.0,0.21091997008227376
1337,3.614121,282.0,0.21076233183856502
1338,2.005729,282.0,0.210604929051531
1339,5.210501,282.0,0.21044776119402986
1340,2.7140317,282.0,0.21029082774049218
1341,2.8276408,282.0,0.21013412816691504
1342,3.3097377,282.0,0.2099776619508563
1343,2.562594,282.0,0.20982142857142858
1344,3.6988876,282.0,0.20966542750929368
1345,3.9787035,282.0,0.20950965824665677
1346,1.9656708,282.0,0.20935412026726058
1347,3.387553,282.0,0.20919881305637983
1348,2.0609548,282.0,0.20904373610081542
1349,3.130849,282.0,0.2088888888888889
1350,2.3218284,282.0,0.20873427091043673
1351,0.595283,282.0,0.20857988165680474
1352,4.066784,400.0,0.29563932002956395
1353,1.5436509,400.0,0.29542097488921715
1354,-0.32990792,400.0,0.2952029520295203
1355,4.109523,282.0,0.2079646017699115
1356,1.6828656,400.0,0.2947678703021371
1357,0.20412447,400.0,0.29455081001472755
1358,5.503284,400.0,0.29433406916850624
1359,1.872568,400.0,0.29411764705882354
1360,-1.3030137,282.0,0.20720058780308598
1361,6.342728,400.0,0.2936857562408223
1362,-0.39922348,400.0,0.293470286133529
1363,-2.7759702,400.0,0.2932551319648094
1364,4.313445,400.0,0.29304029304029305
1365,-1.2096779,400.0,0.29282576866764276
1366,-2.5484273,400.0,0.29261155815654716
1367,3.0479712,400.0,0.29239766081871343
1368,-1.6980578,400.0,0.2921840759678597
1369,-2.0281758,400.0,0.291970802919708
1370,1.9275577,400.0,0.29175784099197666
1371,-1.7612342,400.0,0.2915451895043732
1372,-1.7042414,400.0,0.29133284777858703
1373,1.2388947,400.0,0.29112081513828236
1374,-1.398212,400.0,0.2909090909090909
1375,-2.4177275,400.0,0.29069767441860467
1376,1.1534904,400.0,0.29048656499636893
1377,-0.26118764,400.0,0.29027576197387517
1378,-2.0603647,400.0,0.290065264684554
1379,-0.36550456,400.0,0.2898550724637681
1380,-0.21490593,400.0,0.28964518464880523
1381,-1.9534247,400.0,0.2894356005788712
1382,0.054816127,400.0,0.28922631959508316
1383,-0.028768493,400.0,0.28901734104046245
1384,-2.9770348,400.0,0.2888086642599278
1385,-0.46239993,400.0,0.2886002886002886
1386,-0.11749711,400.0,0.2883922134102379
1387,-2.6199915,400.0,0.2881844380403458
1388,1.0562838,400.0,0.28797696184305255
1389,-0.06944274,400.0,0.28776978417266186
1390,0.25474888,400.0,0.2875629043853343
1391,0.8638814,400.0,0.28735632183908044
1392,0.07390646,400.0,0.2871500358937545
1393,-0.08145868,400.0,0.28694404591104733
1394,-0.2719636,400.0,0.2867383512544803
1395,-1.031333,400.0,0.28653295128939826
1396,0.94091135,400.0,0.2863278453829635
1397,-0.50957906,400.0,0.2861230329041488
1398,-1.137639,400.0,0.28591851322373124
1399,0.7008519,400.0,0.2857142857142857
1400,-1.0538789,400.0,0.28551034975017847
1401,-0.45304686,400.0,0.28530670470756064
1402,2.014063,400.0,0.2851033499643621
1403,-1.6482234,400.0,0.2849002849002849
1404,-0.6679882,400.0,0.2846975088967972
1405,3.605354,400.0,0.2844950213371266
1406,-3.5457933,400.0,0.28429282160625446
1407,-1.6106744,400.0,0.2840909090909091
1408,2.6035793,400.0,0.28388928317955997
1409,-2.894077,400.0,0.28368794326241137
1410,0.3682173,400.0,0.28348688873139616
1411,1.2107582,400.0,0.28328611898017
1412,-1.8132523,400.0,0.28308563340410475
1413,0.8900833,400.0,0.2828854314002829
1414,1.2400959,400.0,0.2826855123674912
1415,-2.3135679,400.0,0.2824858757062147
1416,0.38343328,400.0,0.2822865208186309
1417,0.84356767,400.0,0.2820874471086037
1418,-2.0800264,400.0,0.28188865398167723
1419,-0.006137838,400.0,0.28169014084507044
1420,3.0054402,400.0,0.28149190710767064
1421,-2.5471613,400.0,0.2812939521800281
1422,-1.0333012,400.0,0.28109627547434995
1423,1.9790261,282.0,0.19803370786516855
1424,-1.751075,400.0,0.2807017543859649
1425,-0.23489225,400.0,0.2805049088359046
1426,1.1489925,400.0,0.2803083391730904
1427,-2.2568824,400.0,0.2801120448179272
1428,-0.65824395,400.0,0.27991602519244224
1429,1.7575032,400.0,0.27972027972027974
1430,-1.3762225,400.0,0.27952480782669464
1431,-0.8880476,400.0,0.27932960893854747
1432,0.74386275,400.0,0.2791346824842987
1433,-1.7703071,400.0,0.2789400278940028
1434,-1.4030284,400.0,0.2787456445993031
1435,-1.0380127,400.0,0.2785515320334262
1436,-2.915237,400.0,0.2783576896311761
1437,-1.4715157,400.0,0.27816411682892905
1438,-0.62367713,400.0,0.27797081306462823
1439,-1.9914019,400.0,0.2777777777777778
1440,-0.6157498,400.0,0.2775850104094379
1441,-0.6654381,400.0,0.27739251040221913
1442,-2.0323007,400.0,0.2772002772002772
1443,-1.9239315,400.0,0.2770083102493075
1444,0.0017346491,400.0,0.2768166089965398
1445,-1.1976337,400.0,0.2766251728907331
1446,-2.2110498,400.0,0.27643400138217
1447,-0.1376437,400.0,0.27624309392265195
1448,-1.817559,400.0,0.27605244996549344
1449,-1.2308327,400.0,0.27586206896551724
1450,-1.2022266,400.0,0.27567195037904896
1451,-2.567488,400.0,0.27548209366391185
1452,-1.1257108,400.0,0.27529249827942187
1453,-1.6671523,400.0,0.2751031636863824
1454,-2.335372,400.0,0.27491408934707906
1455,-2.0804245,400.0,0.27472527472527475
1456,-0.6527111,400.0,0.27453671928620454
1457,-1.6333661,400.0,0.27434842249657065
1458,-1.0201752,400.0,0.27416038382453733
1459,-0.23378736,400.0,0.273972602739726
1460,-1.1974148,400.0,0.2737850787132101
1461,-1.0547943,400.0,0.27359781121751026
1462,0.31680167,400.0,0.2734107997265892
1463,-0.5894102,400.0,0.273224043715847
1464,-0.06859482,400.0,0.27303754266211605
1465,0.7283087,400.0,0.2728512960436562
1466,-2.3191142,400.0,0.27266530334015
1467,0.6008265,400.0,0.2724795640326976
1468,0.41933915,400.0,0.27229407760381213
1469,-1.3651245,400.0,0.272108843537415
1470,-0.04517304,400.0,0.27192386131883073
1471,1.100056,400.0,0.2717391304347826
1472,0.6946291,400.0,0.27155465037338766
1473,-0.8044899,400.0,0.27137042062415195
1474,0.5485735,400.0,0.2711864406779661
1475,3.8478158,400.0,0.27100271002710025
1476,-1.1912496,400.0,0.2708192281651997
1477,1.639738,400.0,0.2706359945872801
1478,5.159388,400.0,0.2704530087897228
1479,-3.672978,400.0,0.2702702702702703
1480,2.6931806,282.0,0.19041188386225524
1481,4.4652267,400.0,0.2699055330634278
1482,-3.6388261,400.0,0.26972353337828725
1483,2.787818,400.0,0.2695417789757412
1484,4.673317,400.0,0.26936026936026936
1485,-2.1440287,400.0,0.2691790040376851
1486,1.1451648,400.0,0.26899798251513113
1487,4.213693,400.0,0.26881720430107525
1488,-1.3749381,400.0,0.2686366689053056
1489,2.4275098,400.0,0.2684563758389262
1490,4.41369,400.0,0.2682763246143528
1491,-0.8868742,400.0,0.2680965147453083
1492,3.6568885,400.0,0.2679169457468185
1493,3.9413657,400.0,0.2677376171352075
1494,-3.0949244,400.0,0.26755852842809363
1495,2.6229806,400.0,0.26737967914438504
1496,2.7105176,400.0,0.26720106880427524
1497,-0.89004886,400.0,0.26702269692923897
1498,2.1238759,400.0,0.266844563042028
1499,2.6844716,400.0,0.26666666666666666
